{
  "project_info": {
    "project_number": "375794043818",
    "firebase_url": "https://grtworks-3a5b1-default-rtdb.firebaseio.com",
    "project_id": "grtworks-3a5b1",
    "storage_bucket": "grtworks-3a5b1.appspot.com"
  },
  "client": [
    {
      "client_info": {
        "mobilesdk_app_id": "1:375794043818:android:229980256059eefa3e79d3",
        "android_client_info": {
          "package_name": "com.example.grtworksapp"
        }
      },
      "oauth_client": [
        {
          "client_id": "375794043818-nthq1muoau9892l0avvs03dhab5o724q.apps.googleusercontent.com",
          "client_type": 1,
          "android_info": {
            "package_name": "com.example.grtworksapp",
            "certificate_hash": "0fe238140ff48842647821d5053aa5862bd52d0a"
          }
        },
        {
          "client_id": "375794043818-3oivl8mbv74gpa8sihkqttipa87pcppt.apps.googleusercontent.com",
          "client_type": 3
        }
      ],
      "api_key": [
        {
          "current_key": "AIzaSyAVluCrngjGssVyDLx7MXquL0WUHCFbOxY"
        }
      ],
      "services": {
        "appinvite_service": {
          "other_platform_oauth_client": [
            {
              "client_id": "375794043818-3oivl8mbv74gpa8sihkqttipa87pcppt.apps.googleusercontent.com",
              "client_type": 3
            }
          ]
        }
      }
    }
  ],
  "configuration_version": "1"
}